{
    "max_cache_length": 16384,
    "performance": {
        "total_seconds": 43.82434528297745,
        "tokens_per_second": 9.925989702553883,
        "decode_tokens": 435,
        "bandwidth_gb_per_sec": 140.3657854692329,
        "memory_used_gb": 31.22659328
    },
    "detailed_performance": {
        "prefill_tokens": 26023,
        "decode_tokens": 435,
        "prefill_toks_per_sec": 4043.8967797621285,
        "decode_toks_per_sec": 11.63437083226351,
        "total_toks_per_sec": 9.925989702553883,
        "total_seconds": 43.82434528297745,
        "prefill_seconds": 6.435129632940516,
        "decode_seconds": 37.38921565003693,
        "decode_seconds_frac_of_total": 0.8531608494915703,
        "memory_used_gb": 31.22659328
    },
    "kv_cache_stats": {
        "compression_ratio_0": 0.6903654932975769,
        "compression_ratio_1": 0.6903654932975769,
        "compression_ratio_2": 0.6903654932975769,
        "compression_ratio_3": 0.6903654932975769,
        "compression_ratio_4": 0.6903654932975769,
        "compression_ratio_5": 0.6903654932975769,
        "compression_ratio_6": 0.6903654932975769,
        "compression_ratio_7": 0.6903654932975769,
        "compression_ratio_8": 0.6903654932975769,
        "compression_ratio_9": 0.6903654932975769,
        "compression_ratio_10": 0.6903654932975769,
        "compression_ratio_11": 0.6903654932975769,
        "compression_ratio_12": 0.6903654932975769,
        "compression_ratio_13": 0.6903654932975769,
        "compression_ratio_14": 0.6903654932975769,
        "compression_ratio_15": 0.6903654932975769,
        "compression_ratio_16": 0.6903654932975769,
        "compression_ratio_17": 0.6903654932975769,
        "compression_ratio_18": 0.6903654932975769,
        "compression_ratio_19": 0.6903654932975769,
        "compression_ratio_20": 0.6903654932975769,
        "compression_ratio_21": 0.6903654932975769,
        "compression_ratio_22": 0.6903654932975769,
        "compression_ratio_23": 0.6903654932975769,
        "compression_ratio_24": 0.6903654932975769,
        "compression_ratio_25": 0.6903654932975769,
        "compression_ratio_26": 0.6903654932975769,
        "compression_ratio_27": 0.6903654932975769,
        "compression_ratio_avg": 0.6903654932975769,
        "cache_memory_gb": 0.44433604180812836
    }
}