{
    "max_cache_length": 1024,
    "performance": {
        "total_seconds": 16.55332964193076,
        "tokens_per_second": 12.082161373346048,
        "decode_tokens": 200,
        "bandwidth_gb_per_sec": 170.85672282124122,
        "memory_used_gb": 30.70230528
    },
    "detailed_performance": {
        "prefill_tokens": 26023,
        "decode_tokens": 200,
        "prefill_toks_per_sec": 4081.9130273070946,
        "decode_toks_per_sec": 19.64997004341201,
        "total_toks_per_sec": 12.082161373346048,
        "total_seconds": 16.55332964193076,
        "prefill_seconds": 6.375197076937184,
        "decode_seconds": 10.178132564993575,
        "decode_seconds_frac_of_total": 0.6148692006478046,
        "memory_used_gb": 30.70230528
    },
    "kv_cache_stats": {
        "compression_ratio_0": 0.9804744124412537,
        "compression_ratio_1": 0.9804744124412537,
        "compression_ratio_2": 0.9804744124412537,
        "compression_ratio_3": 0.9804744124412537,
        "compression_ratio_4": 0.9804744124412537,
        "compression_ratio_5": 0.9804744124412537,
        "compression_ratio_6": 0.9804744124412537,
        "compression_ratio_7": 0.9804744124412537,
        "compression_ratio_8": 0.9804744124412537,
        "compression_ratio_9": 0.9804744124412537,
        "compression_ratio_10": 0.9804744124412537,
        "compression_ratio_11": 0.9804744124412537,
        "compression_ratio_12": 0.9804744124412537,
        "compression_ratio_13": 0.9804744124412537,
        "compression_ratio_14": 0.9804744124412537,
        "compression_ratio_15": 0.9804744124412537,
        "compression_ratio_16": 0.9804744124412537,
        "compression_ratio_17": 0.9804744124412537,
        "compression_ratio_18": 0.9804744124412537,
        "compression_ratio_19": 0.9804744124412537,
        "compression_ratio_20": 0.9804744124412537,
        "compression_ratio_21": 0.9804744124412537,
        "compression_ratio_22": 0.9804744124412537,
        "compression_ratio_23": 0.9804744124412537,
        "compression_ratio_24": 0.9804744124412537,
        "compression_ratio_25": 0.9804744124412537,
        "compression_ratio_26": 0.9804744124412537,
        "compression_ratio_27": 0.9804744124412537,
        "compression_ratio_avg": 0.9804744124412537,
        "cache_memory_gb": 0.027771100401878357
    }
}