{
    "max_cache_length": 2048,
    "performance": {
        "total_seconds": 8.298708167858422,
        "tokens_per_second": 4.458525260992312,
        "decode_tokens": 37,
        "bandwidth_gb_per_sec": 63.04906805742327,
        "memory_used_gb": 30.670848
    },
    "detailed_performance": {
        "prefill_tokens": 26023,
        "decode_tokens": 37,
        "prefill_toks_per_sec": 4053.2441491255668,
        "decode_toks_per_sec": 19.697417032087937,
        "total_toks_per_sec": 4.458525260992312,
        "total_seconds": 8.298708167858422,
        "prefill_seconds": 6.420289289904758,
        "decode_seconds": 1.8784188779536635,
        "decode_seconds_frac_of_total": 0.226350757245439,
        "memory_used_gb": 30.670848
    },
    "kv_cache_stats": {
        "compression_ratio_0": 0.9607045650482178,
        "compression_ratio_1": 0.9607045650482178,
        "compression_ratio_2": 0.9607045650482178,
        "compression_ratio_3": 0.9607045650482178,
        "compression_ratio_4": 0.9607045650482178,
        "compression_ratio_5": 0.9607045650482178,
        "compression_ratio_6": 0.9607045650482178,
        "compression_ratio_7": 0.9607045650482178,
        "compression_ratio_8": 0.9607045650482178,
        "compression_ratio_9": 0.9607045650482178,
        "compression_ratio_10": 0.9607045650482178,
        "compression_ratio_11": 0.9607045650482178,
        "compression_ratio_12": 0.9607045650482178,
        "compression_ratio_13": 0.9607045650482178,
        "compression_ratio_14": 0.9607045650482178,
        "compression_ratio_15": 0.9607045650482178,
        "compression_ratio_16": 0.9607045650482178,
        "compression_ratio_17": 0.9607045650482178,
        "compression_ratio_18": 0.9607045650482178,
        "compression_ratio_19": 0.9607045650482178,
        "compression_ratio_20": 0.9607045650482178,
        "compression_ratio_21": 0.9607045650482178,
        "compression_ratio_22": 0.9607045650482178,
        "compression_ratio_23": 0.9607045650482178,
        "compression_ratio_24": 0.9607045650482178,
        "compression_ratio_25": 0.9607045650482178,
        "compression_ratio_26": 0.9607045650482178,
        "compression_ratio_27": 0.9607045650482178,
        "compression_ratio_avg": 0.9607045650482178,
        "cache_memory_gb": 0.05554209649562836
    }
}