{
    "max_cache_length": 8192,
    "performance": {
        "total_seconds": 18.255015547852963,
        "tokens_per_second": 10.627216366453165,
        "decode_tokens": 194,
        "bandwidth_gb_per_sec": 150.28199880611228,
        "memory_used_gb": 30.907826176
    },
    "detailed_performance": {
        "prefill_tokens": 26023,
        "decode_tokens": 194,
        "prefill_toks_per_sec": 4024.689513890574,
        "decode_toks_per_sec": 16.455773821025183,
        "total_toks_per_sec": 10.627216366453165,
        "total_seconds": 18.255015547852963,
        "prefill_seconds": 6.465840385993943,
        "decode_seconds": 11.78917516185902,
        "decode_seconds_frac_of_total": 0.6458047176654192,
        "memory_used_gb": 30.907826176
    },
    "kv_cache_stats": {
        "compression_ratio_0": 0.8437595367431641,
        "compression_ratio_1": 0.8437595367431641,
        "compression_ratio_2": 0.8437595367431641,
        "compression_ratio_3": 0.8437595367431641,
        "compression_ratio_4": 0.8437595367431641,
        "compression_ratio_5": 0.8437595367431641,
        "compression_ratio_6": 0.8437595367431641,
        "compression_ratio_7": 0.8437595367431641,
        "compression_ratio_8": 0.8437595367431641,
        "compression_ratio_9": 0.8437595367431641,
        "compression_ratio_10": 0.8437595367431641,
        "compression_ratio_11": 0.8437595367431641,
        "compression_ratio_12": 0.8437595367431641,
        "compression_ratio_13": 0.8437595367431641,
        "compression_ratio_14": 0.8437595367431641,
        "compression_ratio_15": 0.8437595367431641,
        "compression_ratio_16": 0.8437595367431641,
        "compression_ratio_17": 0.8437595367431641,
        "compression_ratio_18": 0.8437595367431641,
        "compression_ratio_19": 0.8437595367431641,
        "compression_ratio_20": 0.8437595367431641,
        "compression_ratio_21": 0.8437595367431641,
        "compression_ratio_22": 0.8437595367431641,
        "compression_ratio_23": 0.8437595367431641,
        "compression_ratio_24": 0.8437595367431641,
        "compression_ratio_25": 0.8437595367431641,
        "compression_ratio_26": 0.8437595367431641,
        "compression_ratio_27": 0.8437595367431641,
        "compression_ratio_avg": 0.8437595367431641,
        "cache_memory_gb": 0.22216807305812836
    }
}