{
    "max_cache_length": 4096,
    "performance": {
        "total_seconds": 26.256159751908854,
        "tokens_per_second": 14.777484737530663,
        "decode_tokens": 388,
        "bandwidth_gb_per_sec": 208.9719327342645,
        "memory_used_gb": 30.865883136
    },
    "detailed_performance": {
        "prefill_tokens": 26023,
        "decode_tokens": 388,
        "prefill_toks_per_sec": 3963.2003474826392,
        "decode_toks_per_sec": 19.70543256132375,
        "total_toks_per_sec": 14.777484737530663,
        "total_seconds": 26.256159751908854,
        "prefill_seconds": 6.566158083966002,
        "decode_seconds": 19.690001667942852,
        "decode_seconds_frac_of_total": 0.7499193276545846,
        "memory_used_gb": 30.865883136
    },
    "kv_cache_stats": {
        "compression_ratio_0": 0.9224535822868347,
        "compression_ratio_1": 0.9224535822868347,
        "compression_ratio_2": 0.9224535822868347,
        "compression_ratio_3": 0.9224535822868347,
        "compression_ratio_4": 0.9224535822868347,
        "compression_ratio_5": 0.9224535822868347,
        "compression_ratio_6": 0.9224535822868347,
        "compression_ratio_7": 0.9224535822868347,
        "compression_ratio_8": 0.9224535822868347,
        "compression_ratio_9": 0.9224535822868347,
        "compression_ratio_10": 0.9224535822868347,
        "compression_ratio_11": 0.9224535822868347,
        "compression_ratio_12": 0.9224535822868347,
        "compression_ratio_13": 0.9224535822868347,
        "compression_ratio_14": 0.9224535822868347,
        "compression_ratio_15": 0.9224535822868347,
        "compression_ratio_16": 0.9224535822868347,
        "compression_ratio_17": 0.9224535822868347,
        "compression_ratio_18": 0.9224535822868347,
        "compression_ratio_19": 0.9224535822868347,
        "compression_ratio_20": 0.9224535822868347,
        "compression_ratio_21": 0.9224535822868347,
        "compression_ratio_22": 0.9224535822868347,
        "compression_ratio_23": 0.9224535822868347,
        "compression_ratio_24": 0.9224535822868347,
        "compression_ratio_25": 0.9224535822868347,
        "compression_ratio_26": 0.9224535822868347,
        "compression_ratio_27": 0.9224535822868347,
        "compression_ratio_avg": 0.9224535822868347,
        "cache_memory_gb": 0.11108408868312836
    }
}